{
  "project_info": {
    "project_number": "616245832758",
    "firebase_url": "https://konkurs-50197.firebaseio.com",
    "project_id": "konkurs-50197",
    "storage_bucket": "konkurs-50197.appspot.com"
  },
  "client": [
    {
      "client_info": {
        "mobilesdk_app_id": "1:616245832758:android:f07b1cf3a0647050f63c97",
        "android_client_info": {
          "package_name": "konkurs.aza.com.konkurs_app"
        }
      },
      "oauth_client": [
        {
          "client_id": "616245832758-grsebucddthnvkrf80gekt5ti1fn8ahl.apps.googleusercontent.com",
          "client_type": 3
        }
      ],
      "api_key": [
        {
          "current_key": "AIzaSyCGSh4V11wVXEBL8hU84ZBWijErOYYsn2c"
        }
      ],
      "services": {
        "appinvite_service": {
          "other_platform_oauth_client": [
            {
              "client_id": "616245832758-grsebucddthnvkrf80gekt5ti1fn8ahl.apps.googleusercontent.com",
              "client_type": 3
            }
          ]
        }
      }
    }
  ],
  "configuration_version": "1"
}